user_id,session_duration,pages_visited,search_origin,search_destination,travel_dates_flexibility,device_type,clicked_offer,booking_made
1,7.84,7,AbuDhabi,London,1,Tablet,0,0
2,7.67,5,London,Los Angeles,0,Desktop,0,0
3,11.13,5,New York,London,0,Mobile,0,0
4,4.23,4,Houston,Chicago,0,Mobile,1,1
5,10.24,12,Dubai,Rome,1,Tablet,0,1
6,2.87,1,London,New York,1,Mobile,1,0
7,7.38,6,AbuDhabi,Dubai,0,Mobile,1,1
8,7.3,8,Manchester,Rome,0,Mobile,0,0
9,11.38,0,Mumbai,Mumbai,0,Mobile,0,0
10,7.96,9,AbuDhabi,Chicago,0,Mobile,1,0
11,6.16,4,Houston,Houston,0,Mobile,0,0
12,12.12,2,Dubai,Chicago,1,Mobile,0,0
13,12.83,5,Islamabad,Houston,1,Mobile,0,1
14,5.93,6,AbuDhabi,AbuDhabi,1,Mobile,0,0
15,10.08,6,Mumbai,Mumbai,1,Desktop,0,0
16,6.66,6,New York,Houston,0,Mobile,0,0
17,8.49,5,Paris,AbuDhabi,1,Tablet,0,0
18,8.77,5,London,London,0,Mobile,1,0
19,4.17,5,Islamabad,Dubai,1,Mobile,0,0
20,8.19,3,Chicago,AbuDhabi,0,Mobile,0,1
21,4.81,6,Islamabad,Rome,0,Mobile,1,0
22,5.03,7,Rome,AbuDhabi,1,Mobile,0,0
23,6.63,2,Los Angeles,Paris,0,Desktop,0,0
24,2.05,4,London,Dubai,0,Desktop,1,0
25,3.57,6,Houston,Chicago,1,Mobile,0,0
26,8.7,3,Sydeny,Sydeny,1,Desktop,0,1
27,9.93,6,Dubai,New York,0,Mobile,0,0
28,10.56,6,New York,Manchester,0,Mobile,0,0
29,6.61,8,Paris,Sydeny,0,Desktop,1,0
30,10.09,4,London,AbuDhabi,1,Mobile,0,0
31,12.7,5,Sydeny,Chicago,0,Mobile,0,0
32,11.54,7,Paris,Rome,0,Desktop,0,1
33,3.85,1,Rome,Chicago,1,Desktop,0,0
34,2.76,4,Paris,Houston,1,Desktop,0,0
35,9.21,9,Dubai,New York,0,Desktop,0,0
36,11.73,5,New York,London,1,Mobile,1,1
37,7.93,5,London,London,1,Mobile,1,0
38,10.86,6,Dubai,Paris,0,Mobile,0,0
39,8.73,5,Manchester,Mumbai,0,Mobile,0,0
40,8.67,5,Houston,London,0,Tablet,1,1
41,8.89,6,New York,Sydeny,1,Mobile,0,0
42,8.66,4,Sydeny,AbuDhabi,1,Tablet,1,1
43,6.73,7,Sydeny,Chicago,0,Mobile,0,0
44,13.54,4,London,Houston,0,Mobile,0,0
45,10.76,6,Mumbai,Paris,1,Desktop,0,0
46,6.33,4,Paris,Manchester,0,Mobile,0,0
47,7.14,4,Islamabad,Mumbai,0,Mobile,0,0
48,4.88,4,Mumbai,Dubai,0,Mobile,0,0
49,9.44,3,Islamabad,Rome,1,Desktop,0,1
50,3.72,7,Los Angeles,AbuDhabi,1,Mobile,0,1
51,7,4,New York,London,0,Mobile,1,1
52,10.24,5,Dubai,Sydeny,0,Desktop,1,0
53,9.68,3,Mumbai,Chicago,0,Desktop,0,0
54,9.72,5,Sydeny,Paris,0,Mobile,1,0
55,4.46,6,Sydeny,Los Angeles,0,Mobile,0,0
56,10.29,5,London,Los Angeles,0,Desktop,0,0
57,7.6,4,London,Chicago,1,Tablet,0,0
58,11.97,3,Paris,Chicago,0,Mobile,1,1
59,7.17,7,Chicago,New York,0,Tablet,1,1
60,13.04,4,Manchester,AbuDhabi,0,Tablet,0,1
61,9.25,2,Houston,Chicago,1,Mobile,0,0
62,10.24,8,London,Los Angeles,0,Mobile,0,0
63,6.82,4,Houston,Sydeny,0,Mobile,0,0
64,6.78,7,Sydeny,Sydeny,0,Mobile,0,0
65,6.84,7,Paris,Los Angeles,0,Mobile,0,0
66,11,2,AbuDhabi,Islamabad,0,Mobile,1,1
67,6.66,5,Sydeny,Dubai,0,Mobile,1,0
68,7.65,5,Paris,Mumbai,1,Tablet,0,0
69,11.51,7,Paris,Chicago,1,Mobile,0,0
70,9.55,8,AbuDhabi,Rome,0,Desktop,1,1
71,7.23,1,New York,AbuDhabi,0,Mobile,1,0
72,8.86,5,Sydeny,Los Angeles,0,Mobile,0,0
73,3.79,6,Los Angeles,Rome,1,Mobile,1,0
74,3.47,6,Mumbai,London,0,Mobile,0,0
75,9.3,5,Sydeny,Los Angeles,0,Mobile,1,1
76,16.27,2,New York,Chicago,0,Desktop,0,0
77,14.03,7,Islamabad,Dubai,0,Desktop,0,1
78,15.56,3,Houston,Paris,0,Desktop,1,0
79,9.71,4,Chicago,Islamabad,1,Mobile,1,1
80,6.42,3,Los Angeles,New York,1,Mobile,1,1
81,11.2,7,AbuDhabi,Mumbai,0,Mobile,0,0
82,4.42,5,Houston,Mumbai,0,Desktop,0,0
83,0.5,7,Los Angeles,Islamabad,0,Mobile,0,0
84,9.27,7,Los Angeles,Chicago,1,Tablet,1,0
85,11.1,6,Los Angeles,Sydeny,0,Desktop,0,0
86,10.12,2,London,Chicago,1,Mobile,1,0
87,12.65,10,New York,AbuDhabi,1,Mobile,0,1
88,10.3,6,Los Angeles,Manchester,1,Mobile,0,0
89,9.04,2,Houston,Islamabad,0,Mobile,0,0
90,4.84,5,Mumbai,Dubai,1,Mobile,0,1
91,7.61,6,London,Paris,0,Desktop,0,0
92,4.46,5,Chicago,Manchester,1,Mobile,0,0
93,6.89,2,New York,Mumbai,1,Mobile,1,0
94,13.71,4,Paris,Sydeny,0,Desktop,0,0
95,8.63,6,London,Los Angeles,0,Tablet,1,0
96,9.13,11,AbuDhabi,New York,0,Mobile,1,0
97,5.92,2,Los Angeles,Islamabad,1,Desktop,1,1
98,15.81,4,Paris,Sydeny,0,Mobile,1,0
99,2.05,2,Paris,Los Angeles,0,Mobile,0,0
100,5.22,5,AbuDhabi,Mumbai,0,Tablet,1,0
101,10.84,6,Houston,AbuDhabi,0,Mobile,1,0
102,5.75,3,Dubai,Paris,0,Desktop,0,0
103,5.62,7,Rome,Paris,0,Desktop,1,0
104,9.53,2,Los Angeles,Paris,1,Desktop,0,0
105,10.25,7,Houston,Islamabad,0,Tablet,0,1
106,10.05,3,Chicago,London,1,Mobile,0,0
107,5.43,2,Sydeny,Rome,0,Mobile,0,0
108,10.26,6,Houston,Manchester,0,Tablet,1,1
109,4.37,6,Rome,Mumbai,0,Mobile,0,0
110,5.25,3,Dubai,Manchester,0,Mobile,0,0
111,5.01,5,AbuDhabi,Islamabad,0,Tablet,1,0
112,8.98,2,Sydeny,Chicago,0,Desktop,1,0
113,6.94,8,Chicago,Mumbai,1,Desktop,0,0
114,5.14,5,Mumbai,Rome,1,Mobile,1,0
115,8.09,7,Los Angeles,London,0,Mobile,0,0
116,4.93,2,Rome,Houston,0,Mobile,1,1
117,6.49,4,Manchester,New York,1,Desktop,0,1
118,7.06,6,Chicago,Houston,0,Tablet,0,0
119,6.3,6,Los Angeles,Dubai,0,Desktop,1,0
120,4.98,3,Paris,Paris,1,Mobile,0,0
121,4.26,3,Sydeny,Mumbai,0,Desktop,1,1
122,11.3,12,New York,Paris,0,Mobile,0,0
123,1.8,4,Rome,Rome,0,Desktop,0,0
124,8.89,6,Chicago,Manchester,0,Desktop,1,0
125,5.58,5,Mumbai,Mumbai,1,Desktop,0,1
126,5.88,4,AbuDhabi,Rome,1,Mobile,0,0
127,2.65,3,London,Los Angeles,1,Tablet,1,1
128,7.91,6,Sydeny,London,0,Mobile,0,0
129,6.34,7,Islamabad,Islamabad,0,Mobile,1,0
130,11.18,5,Los Angeles,Dubai,0,Mobile,1,0
131,6.3,6,Sydeny,Sydeny,0,Mobile,0,0
132,4.73,4,AbuDhabi,Paris,1,Mobile,0,0
133,4.4,4,Chicago,Rome,1,Mobile,0,0
134,10.87,5,New York,Mumbai,0,Tablet,0,0
135,9.7,4,London,Houston,1,Mobile,0,0
136,6.95,6,Houston,Paris,0,Mobile,0,0
137,12.98,6,Rome,AbuDhabi,1,Desktop,1,1
138,8.8,4,Rome,Paris,0,Mobile,0,0
139,7.12,9,Islamabad,London,0,Desktop,0,0
140,9.55,2,Houston,Chicago,0,Desktop,0,0
141,4.7,3,Rome,Manchester,0,Mobile,1,0
142,8.3,4,Los Angeles,Los Angeles,1,Desktop,0,1
143,4.6,6,Houston,London,1,Mobile,0,1
144,9.73,8,Mumbai,Houston,0,Mobile,0,0
145,9.9,2,Manchester,Chicago,1,Mobile,1,0
146,7.67,8,Houston,Manchester,0,Mobile,1,0
147,11.23,1,Sydeny,London,0,Desktop,0,0
148,5.89,3,AbuDhabi,Islamabad,1,Mobile,0,0
149,9.62,4,London,Dubai,0,Desktop,0,0
150,7.63,6,London,Paris,0,Mobile,0,0
151,4.54,1,London,Manchester,1,Desktop,0,0
152,10.06,8,AbuDhabi,Sydeny,1,Desktop,0,0
153,13.1,7,Los Angeles,Mumbai,0,Mobile,0,0
154,17.28,4,Islamabad,Los Angeles,0,Mobile,1,0
155,8.28,7,New York,New York,0,Mobile,0,0
156,9.44,1,AbuDhabi,New York,0,Mobile,0,0
157,13.13,6,Mumbai,Los Angeles,0,Desktop,0,0
158,4.85,12,Chicago,London,0,Mobile,0,1
159,12.55,5,Chicago,Islamabad,0,Tablet,0,0
160,3.02,4,New York,Sydeny,0,Mobile,1,1
161,4.53,4,Dubai,Houston,0,Mobile,1,0
162,7.33,2,New York,Islamabad,0,Tablet,1,0
163,6.85,5,London,Dubai,0,Desktop,0,0
164,10.9,8,London,Sydeny,1,Desktop,0,0
165,4.8,3,Los Angeles,New York,0,Mobile,0,0
166,7.62,6,Manchester,Chicago,0,Mobile,0,0
167,6.95,5,Paris,Islamabad,0,Mobile,1,0
168,8.49,4,Chicago,New York,1,Mobile,0,1
169,9.84,3,Houston,Dubai,0,Mobile,0,0
170,10.8,6,Rome,Dubai,0,Mobile,0,0
171,8.96,5,Chicago,Houston,0,Mobile,0,0
172,9.15,5,Dubai,Houston,0,Mobile,1,0
173,8.15,3,New York,Dubai,0,Mobile,1,0
174,3.31,3,Islamabad,Chicago,0,Mobile,0,0
175,2.52,5,Mumbai,Houston,0,Desktop,0,0
176,9.08,4,AbuDhabi,Rome,0,Mobile,0,0
177,3.84,4,Mumbai,Mumbai,0,Mobile,1,0
178,5.63,4,London,Los Angeles,0,Tablet,0,1
179,8.66,10,Islamabad,Sydeny,0,Desktop,0,1
180,6.95,4,Paris,Manchester,0,Mobile,0,0
181,5.6,7,Houston,Rome,0,Mobile,0,0
182,5.29,6,New York,Sydeny,0,Mobile,0,0
183,8.11,0,Chicago,Los Angeles,0,Desktop,0,0
184,12.4,4,Rome,London,0,Mobile,1,0
185,2.91,4,Paris,Sydeny,1,Desktop,1,0
186,7.26,4,Dubai,Sydeny,0,Mobile,0,0
187,10.88,7,Los Angeles,Sydeny,1,Desktop,0,0
188,8.79,8,AbuDhabi,Sydeny,0,Desktop,0,0
189,6.21,5,AbuDhabi,Islamabad,0,Desktop,1,1
190,8.1,3,Islamabad,Mumbai,0,Mobile,1,1
191,9.23,8,Dubai,Dubai,0,Desktop,1,1
192,11.05,5,Paris,Sydeny,1,Mobile,1,1
193,3.21,4,AbuDhabi,Mumbai,0,Mobile,0,0
194,5.42,2,AbuDhabi,Los Angeles,0,Desktop,0,1
195,8.83,4,Rome,Sydeny,0,Desktop,1,0
196,9.3,4,Rome,London,0,Mobile,0,0
197,8.73,7,London,Dubai,0,Tablet,0,0
198,9.23,3,Chicago,New York,0,Desktop,0,0
199,10.65,5,Mumbai,Sydeny,1,Mobile,0,0
200,9.38,3,Dubai,Mumbai,0,Mobile,0,1
201,15.71,7,Houston,New York,1,Mobile,1,0
202,5.98,2,Sydeny,Houston,0,Desktop,0,0
203,6.93,7,Sydeny,Chicago,0,Mobile,0,0
204,3.64,6,Islamabad,Chicago,0,Mobile,0,0
205,9.79,5,AbuDhabi,Rome,0,Mobile,0,0
206,8.72,7,Sydeny,Houston,1,Mobile,0,0
207,7.53,5,Paris,Rome,1,Mobile,0,0
208,4.56,8,Los Angeles,London,1,Desktop,1,0
209,13.89,2,Paris,Manchester,0,Tablet,0,0
210,9.26,6,Rome,Mumbai,1,Mobile,0,0
211,10.48,3,Islamabad,Dubai,0,Desktop,0,0
212,3.97,7,Paris,Islamabad,0,Mobile,0,0
213,9,4,Rome,Dubai,1,Tablet,0,0
214,9.5,2,AbuDhabi,London,0,Mobile,0,0
215,13.18,5,Los Angeles,Los Angeles,1,Desktop,1,0
216,9.77,5,Dubai,Manchester,0,Desktop,0,0
217,11.21,2,Rome,Los Angeles,1,Mobile,0,1
218,3.34,10,New York,Sydeny,0,Mobile,0,0
219,7.38,4,Sydeny,AbuDhabi,0,Mobile,0,1
220,8.26,4,Dubai,AbuDhabi,1,Desktop,0,0
221,7.71,8,Islamabad,Paris,0,Desktop,0,1
222,7.14,7,Rome,Islamabad,0,Mobile,1,1
223,7.06,8,Mumbai,Los Angeles,0,Desktop,0,0
224,11.91,5,AbuDhabi,Islamabad,0,Desktop,0,0
225,6.73,7,Dubai,AbuDhabi,1,Desktop,0,0
226,10.22,6,London,Manchester,0,Tablet,0,0
227,10.08,5,Dubai,Dubai,0,Mobile,0,0
228,6.94,6,Sydeny,London,1,Desktop,1,0
229,8.42,6,Paris,Paris,0,Mobile,0,0
230,0.87,5,Houston,Mumbai,1,Mobile,0,0
231,6.18,4,AbuDhabi,Mumbai,0,Desktop,0,0
232,11.28,7,Manchester,Chicago,0,Tablet,0,0
233,6.11,3,Paris,Paris,0,Mobile,0,0
234,1.83,5,Dubai,Manchester,1,Desktop,0,0
235,10.92,8,London,London,0,Tablet,0,0
236,4.11,5,Sydeny,Islamabad,1,Desktop,0,1
237,12.05,7,London,New York,0,Mobile,1,1
238,7.89,4,Los Angeles,AbuDhabi,0,Tablet,1,1
239,4.1,2,New York,Manchester,0,Mobile,1,0
240,5.93,2,Dubai,Islamabad,0,Mobile,0,0
241,12.68,4,Islamabad,Manchester,0,Desktop,0,0
242,8.55,5,Dubai,Rome,1,Mobile,0,0
243,7.74,7,Manchester,New York,0,Desktop,0,0
244,8.47,3,Islamabad,Paris,0,Mobile,0,0
245,7.48,10,Sydeny,Chicago,0,Mobile,1,0
246,6.06,5,Dubai,New York,0,Desktop,0,0
247,9.87,4,Mumbai,Manchester,1,Mobile,0,0
248,12.4,5,Paris,New York,0,Desktop,0,0
249,8.26,3,London,Islamabad,0,Desktop,0,0
250,12.75,2,Houston,Rome,1,Mobile,0,0
251,11.33,4,New York,Chicago,0,Mobile,0,1
252,3.44,4,New York,Paris,0,Mobile,1,0
253,10.11,7,AbuDhabi,Dubai,1,Mobile,0,0
254,12.01,4,Paris,Mumbai,0,Mobile,1,0
255,1.94,8,Los Angeles,Chicago,1,Mobile,0,1
256,6.3,7,London,New York,0,Mobile,0,0
257,9.36,2,Sydeny,AbuDhabi,0,Mobile,1,1
258,5.31,4,Chicago,Dubai,1,Mobile,0,0
259,7.96,1,New York,Sydeny,0,Mobile,0,0
260,6.94,2,Houston,Dubai,0,Mobile,0,0
261,5.02,4,Houston,Rome,0,Mobile,1,1
262,7.38,5,London,Sydeny,0,Desktop,1,1
263,6.47,4,London,AbuDhabi,0,Desktop,1,0
264,7.55,3,Rome,Sydeny,0,Desktop,0,0
265,7.57,2,Rome,Los Angeles,0,Mobile,0,0
266,5.6,5,Dubai,Houston,0,Desktop,1,0
267,5.23,3,London,Paris,1,Mobile,0,0
268,5.78,5,Mumbai,Los Angeles,0,Tablet,1,1
269,9.09,6,Islamabad,Chicago,0,Mobile,0,0
270,4.56,2,Sydeny,Islamabad,0,Desktop,1,1
271,11.66,3,Chicago,Paris,0,Mobile,1,0
272,4.93,5,Islamabad,AbuDhabi,1,Mobile,0,0
273,13.29,8,Chicago,Sydeny,1,Mobile,1,0
274,6.9,11,Los Angeles,Islamabad,0,Mobile,0,0
275,6.25,4,Dubai,Rome,1,Mobile,0,0
276,6.02,3,Chicago,AbuDhabi,0,Mobile,0,0
277,9.06,5,Houston,Houston,0,Mobile,0,0
278,8.16,5,AbuDhabi,Islamabad,0,Desktop,1,1
279,4.93,3,New York,London,0,Mobile,0,0
280,8.22,6,Dubai,Paris,1,Desktop,0,0
281,9.14,4,London,Mumbai,1,Mobile,0,0
282,8.31,8,Mumbai,Rome,0,Tablet,0,0
283,11.64,5,Mumbai,Dubai,0,Mobile,1,0
284,0.5,8,Rome,Chicago,1,Desktop,0,0
285,7.09,7,Dubai,Mumbai,0,Mobile,1,0
286,5.87,5,Houston,Houston,0,Mobile,1,0
287,9.17,8,Houston,Mumbai,1,Desktop,1,0
288,13.6,5,Islamabad,Chicago,0,Mobile,0,0
289,3.67,5,Dubai,Dubai,1,Mobile,0,0
290,5.32,6,Chicago,Mumbai,1,Tablet,1,0
291,7.14,6,Los Angeles,Dubai,0,Tablet,0,0
292,10.71,4,Mumbai,AbuDhabi,0,Mobile,0,1
293,11.03,6,Houston,Dubai,1,Tablet,0,0
294,5.75,4,Paris,New York,0,Mobile,0,0
295,10.5,6,Islamabad,Paris,1,Mobile,0,0
296,7.77,3,Chicago,Houston,0,Desktop,1,0
297,11.04,3,Los Angeles,Chicago,0,Mobile,1,0
298,8.23,3,Houston,Sydeny,0,Desktop,1,0
299,9.65,7,Manchester,Mumbai,0,Mobile,1,0
300,8.06,4,Chicago,New York,1,Mobile,1,0
301,5.38,6,Chicago,Paris,0,Mobile,1,0
302,5.21,1,Houston,Houston,0,Desktop,1,0
303,9.48,9,Sydeny,Dubai,0,Mobile,0,0
304,5.88,5,Mumbai,Chicago,0,Mobile,1,0
305,5.03,7,Paris,Paris,0,Desktop,0,0
306,7.36,6,Rome,Chicago,1,Mobile,1,0
307,9.41,4,Dubai,Chicago,0,Mobile,1,0
308,9.95,7,London,Chicago,0,Mobile,1,0
309,5.92,3,Chicago,Paris,0,Mobile,1,0
310,7.55,2,Rome,Dubai,1,Mobile,0,0
311,9.7,4,London,Houston,0,Mobile,0,0
312,6.08,4,Los Angeles,Los Angeles,1,Mobile,0,0
313,10.91,11,Houston,Paris,0,Desktop,0,0
314,8.49,3,Houston,Mumbai,1,Mobile,0,0
315,5.02,5,Mumbai,Mumbai,0,Mobile,1,0
316,9.91,4,Mumbai,Sydeny,0,Desktop,1,0
317,7.15,6,Rome,Chicago,1,Desktop,0,1
318,12.75,8,Paris,Houston,0,Mobile,0,1
319,7.55,7,Manchester,AbuDhabi,0,Mobile,0,0
320,12.6,6,Manchester,Paris,0,Mobile,1,1
321,14.89,4,AbuDhabi,London,0,Mobile,0,0
322,9.82,5,Manchester,Paris,1,Mobile,1,0
323,9.64,6,London,Houston,0,Mobile,1,1
324,7,5,Mumbai,Rome,0,Tablet,0,0
325,8.46,2,Paris,Manchester,0,Desktop,1,0
326,10.53,5,London,London,0,Mobile,0,0
327,14.13,10,Houston,Mumbai,0,Mobile,1,1
328,11.82,4,Sydeny,Mumbai,0,Mobile,0,1
329,5.69,2,Sydeny,London,1,Desktop,1,1
330,11.97,6,Sydeny,Mumbai,0,Mobile,1,1
331,6.02,6,Mumbai,Dubai,0,Desktop,0,0
332,13.59,9,Chicago,Paris,1,Mobile,1,0
333,11.75,2,Dubai,Dubai,0,Mobile,0,0
334,9.64,5,London,Manchester,0,Desktop,1,0
335,4.46,5,Los Angeles,Paris,0,Mobile,1,0
336,10,1,AbuDhabi,Paris,0,Desktop,0,0
337,6.09,9,New York,New York,0,Mobile,1,0
338,5.85,3,New York,Islamabad,1,Mobile,0,0
339,7.72,6,Rome,Rome,0,Desktop,0,1
340,3.2,0,Sydeny,Rome,1,Mobile,1,0
341,8.27,6,Islamabad,New York,0,Mobile,1,0
342,9.14,4,Paris,AbuDhabi,0,Tablet,0,0
343,10.67,2,AbuDhabi,New York,0,Mobile,1,1
344,6.21,7,Rome,London,0,Desktop,0,0
345,6.55,7,Mumbai,London,0,Mobile,1,0
346,12.05,9,Islamabad,Houston,0,Tablet,0,0
347,11.74,3,Los Angeles,Mumbai,1,Desktop,0,0
348,2.97,4,Islamabad,Los Angeles,0,Mobile,0,0
349,9.68,6,Manchester,Houston,1,Mobile,1,0
350,11.02,3,Sydeny,Sydeny,0,Desktop,0,0
351,5.91,7,Los Angeles,Islamabad,1,Mobile,0,0
352,10.97,8,New York,Dubai,0,Mobile,1,1
353,7.25,6,London,AbuDhabi,0,Tablet,0,0
354,6.86,0,Sydeny,Islamabad,1,Desktop,0,0
355,4.33,5,Houston,Manchester,0,Desktop,0,0
356,12.04,3,Paris,Paris,0,Mobile,0,0
357,4.99,5,London,Paris,0,Desktop,0,1
358,0.5,3,Sydeny,Rome,1,Mobile,1,0
359,3.53,4,Mumbai,Dubai,0,Mobile,0,0
360,5.55,7,London,Chicago,0,Mobile,0,0
361,3.74,3,Paris,AbuDhabi,1,Mobile,1,1
362,12.09,6,Sydeny,Dubai,1,Mobile,1,1
363,4.75,4,Sydeny,Houston,0,Mobile,1,1
364,6.18,5,Los Angeles,AbuDhabi,0,Mobile,0,0
365,7.77,7,Chicago,Los Angeles,0,Desktop,1,0
366,9.53,3,London,AbuDhabi,1,Mobile,0,0
367,3.36,9,Los Angeles,Rome,0,Mobile,0,0
368,2.16,9,Manchester,New York,1,Mobile,1,0
369,4.63,4,Dubai,Rome,0,Tablet,1,0
370,9.24,1,Rome,Dubai,0,Mobile,1,0
371,6.68,4,Dubai,Mumbai,1,Desktop,1,0
372,9.38,8,Rome,Dubai,0,Mobile,0,0
373,5.28,5,London,Dubai,1,Mobile,0,0
374,10.56,4,Sydeny,AbuDhabi,0,Mobile,0,1
375,8.5,2,Los Angeles,New York,0,Desktop,0,0
376,7.84,6,AbuDhabi,Paris,0,Desktop,1,0
377,9.26,8,Mumbai,London,0,Desktop,0,0
378,8.74,5,Los Angeles,Islamabad,0,Mobile,0,0
379,8.48,7,Mumbai,Islamabad,0,Mobile,0,1
380,3.28,2,Rome,Rome,1,Desktop,1,0
381,8.71,9,London,Sydeny,0,Mobile,0,0
382,7.42,11,Los Angeles,Sydeny,1,Desktop,0,0
383,9.21,3,Los Angeles,AbuDhabi,0,Mobile,0,0
384,8.62,3,Mumbai,Paris,0,Desktop,0,0
385,6.69,8,AbuDhabi,Chicago,0,Desktop,0,0
386,9.3,7,Sydeny,Islamabad,1,Desktop,0,0
387,12.56,8,Los Angeles,Rome,1,Desktop,0,1
388,9.63,6,Paris,AbuDhabi,0,Desktop,1,0
389,8.14,5,Islamabad,Sydeny,1,Mobile,1,0
390,8.45,6,London,Dubai,1,Desktop,0,0
391,11.15,7,Sydeny,Sydeny,1,Mobile,1,1
392,6.05,5,Sydeny,Chicago,0,Tablet,1,1
393,8.11,7,Los Angeles,Sydeny,0,Mobile,0,1
394,6.97,7,Los Angeles,AbuDhabi,0,Desktop,0,0
395,3.67,7,Chicago,Manchester,1,Mobile,0,0
396,10.33,8,Mumbai,Islamabad,1,Desktop,0,0
397,10.82,2,Houston,Mumbai,0,Desktop,1,0
398,7.16,3,Los Angeles,AbuDhabi,0,Mobile,0,0
399,7.63,4,Chicago,Dubai,1,Desktop,0,1
400,9.93,4,Manchester,London,0,Tablet,0,0
401,13.4,9,London,Dubai,0,Mobile,0,0
402,7.89,2,London,Sydeny,1,Mobile,0,0
403,13.95,3,Sydeny,Islamabad,0,Mobile,1,0
404,12.27,4,Paris,Dubai,0,Mobile,0,0
405,2.6,5,AbuDhabi,Houston,0,Mobile,0,1
406,7.82,3,Paris,Paris,0,Tablet,0,0
407,9.65,6,Sydeny,Islamabad,0,Tablet,1,0
408,7.4,6,AbuDhabi,Sydeny,0,Mobile,0,0
409,11.3,6,Mumbai,Islamabad,1,Tablet,1,0
410,9.23,2,Manchester,New York,0,Desktop,1,0
411,9.74,1,Islamabad,Manchester,0,Mobile,0,0
412,7.47,3,AbuDhabi,Dubai,0,Mobile,0,1
413,2.86,4,Mumbai,New York,0,Mobile,0,0
414,9.2,2,Manchester,AbuDhabi,0,Mobile,0,0
415,4.92,7,Houston,Chicago,0,Mobile,0,0
416,10.53,3,Houston,AbuDhabi,0,Mobile,0,0
417,8.78,4,London,Islamabad,0,Mobile,0,0
418,16.71,8,Manchester,Mumbai,0,Mobile,0,0
419,9.22,5,AbuDhabi,Mumbai,1,Mobile,0,0
420,2.74,3,Sydeny,Sydeny,1,Mobile,0,0
421,14.86,5,Manchester,Islamabad,0,Mobile,0,0
422,9.65,4,New York,AbuDhabi,0,Mobile,1,0
423,11.67,6,London,Islamabad,0,Desktop,1,0
424,12.38,2,Paris,Los Angeles,0,Mobile,1,0
425,5.38,3,Paris,Los Angeles,0,Mobile,0,0
426,5.15,4,Rome,Dubai,0,Mobile,0,0
427,10.57,6,London,Houston,0,Desktop,1,1
428,4.96,4,Los Angeles,Dubai,0,Desktop,0,0
429,2.67,5,Chicago,Paris,0,Mobile,0,0
430,6.07,8,New York,Manchester,0,Mobile,0,0
431,7.48,5,Islamabad,Islamabad,1,Tablet,0,1
432,10.03,5,Manchester,Chicago,1,Mobile,1,0
433,6.65,5,Sydeny,Paris,1,Desktop,0,0
434,5.99,4,Houston,Manchester,0,Desktop,0,0
435,9.29,7,Manchester,Los Angeles,0,Desktop,0,1
436,8.43,4,Mumbai,London,0,Mobile,0,0
437,10.36,5,Dubai,Los Angeles,0,Mobile,0,0
438,4.32,4,Houston,London,1,Desktop,0,0
439,14.19,6,Mumbai,Dubai,1,Desktop,1,0
440,4.62,6,London,Los Angeles,0,Mobile,0,1
441,11.31,4,AbuDhabi,Sydeny,0,Desktop,0,0
442,10.86,7,Manchester,Mumbai,0,Mobile,0,0
443,5.79,8,Los Angeles,New York,1,Mobile,0,0
444,7.85,3,Los Angeles,Islamabad,0,Mobile,1,0
445,6.54,3,Dubai,Sydeny,0,Tablet,0,0
446,10.05,6,AbuDhabi,Los Angeles,0,Mobile,0,1
447,10.94,5,Los Angeles,Paris,0,Desktop,0,0
448,8.11,3,Paris,Manchester,1,Tablet,0,0
449,8.79,3,New York,Rome,0,Desktop,1,0
450,6.08,4,Mumbai,Rome,0,Mobile,1,1
451,10.3,9,Paris,Los Angeles,0,Mobile,1,0
452,10.13,5,AbuDhabi,Houston,1,Mobile,1,0
453,7.5,9,Rome,AbuDhabi,0,Mobile,1,1
454,5.23,3,Sydeny,Manchester,1,Mobile,0,0
455,11.24,6,Manchester,Rome,0,Mobile,1,0
456,5.41,3,Paris,Rome,1,Mobile,1,0
457,6.6,3,Islamabad,Chicago,1,Mobile,1,0
458,5.88,7,London,AbuDhabi,0,Mobile,0,0
459,9.01,2,New York,Chicago,0,Mobile,0,0
460,8.02,4,Rome,Paris,0,Desktop,0,0
461,4.28,3,New York,Rome,0,Desktop,0,0
462,6.68,7,New York,Islamabad,0,Mobile,1,1
463,6.36,5,Dubai,AbuDhabi,0,Desktop,0,0
464,10.87,5,New York,Manchester,0,Desktop,1,0
465,15.21,6,Mumbai,New York,0,Tablet,1,1
466,13.22,4,AbuDhabi,Chicago,0,Mobile,0,1
467,13.35,3,AbuDhabi,Rome,0,Mobile,0,0
468,12.91,8,London,Chicago,0,Mobile,1,0
469,6.85,5,Islamabad,London,0,Mobile,0,1
470,7.17,5,London,AbuDhabi,0,Mobile,0,1
471,4.75,5,Sydeny,Los Angeles,0,Mobile,0,0
472,11.34,12,Mumbai,Rome,0,Desktop,0,0
473,9.02,2,Manchester,London,0,Desktop,0,0
474,5.57,3,Sydeny,Rome,0,Desktop,0,0
475,9.84,5,Manchester,Chicago,0,Mobile,0,0
476,8.2,7,Chicago,London,0,Mobile,0,0
477,11.15,5,London,London,0,Mobile,0,0
478,7.65,3,London,New York,0,Tablet,1,1
479,6.5,3,Manchester,Mumbai,0,Mobile,1,0
480,8.31,4,Dubai,Dubai,0,Mobile,1,0
481,8.02,12,Dubai,Chicago,1,Desktop,0,0
482,10.91,4,London,Manchester,1,Mobile,0,0
483,7.36,2,Paris,New York,0,Desktop,0,1
484,6.97,6,Dubai,Rome,0,Mobile,1,0
485,8.66,5,Paris,Chicago,0,Desktop,0,0
486,4.58,2,Dubai,Chicago,0,Mobile,1,0
487,6.68,2,Paris,Paris,0,Mobile,0,1
488,10.36,6,Los Angeles,Sydeny,0,Desktop,0,1
489,5.44,8,New York,Dubai,0,Mobile,1,0
490,11.29,1,Sydeny,New York,0,Desktop,0,1
491,6.35,6,Islamabad,New York,0,Mobile,0,0
492,7.39,4,Manchester,Los Angeles,1,Mobile,0,0
493,9.64,2,Mumbai,Los Angeles,0,Mobile,0,0
494,8.43,8,Houston,AbuDhabi,0,Desktop,1,0
495,4.34,9,New York,London,0,Desktop,0,0
496,3.27,8,Dubai,Islamabad,0,Desktop,0,0
497,8.69,6,New York,AbuDhabi,0,Mobile,0,0
498,5.12,4,Rome,Rome,0,Mobile,0,0
499,7.06,4,Sydeny,Dubai,0,Tablet,0,0
500,9.81,12,New York,Houston,1,Mobile,1,0
501,7.33,2,Chicago,Manchester,0,Mobile,1,1
502,6.32,6,London,Rome,0,Tablet,0,0
503,4.63,6,Houston,Sydeny,0,Mobile,0,0
504,8.34,4,London,Dubai,0,Mobile,1,0
505,14.94,9,Islamabad,Sydeny,0,Mobile,0,0
506,5.18,4,Mumbai,Dubai,1,Mobile,0,0
507,3.66,7,Houston,London,0,Mobile,1,0
508,6.8,6,Mumbai,London,1,Desktop,0,1
509,11.58,4,Mumbai,Houston,1,Desktop,0,0
510,7.14,6,Los Angeles,Houston,0,Mobile,1,0
511,7.63,4,Sydeny,Islamabad,1,Desktop,1,1
512,7.77,9,Rome,Dubai,0,Desktop,0,0
513,8.48,5,London,New York,0,Mobile,0,0
514,5.18,7,Los Angeles,AbuDhabi,1,Desktop,1,0
515,4.23,8,Islamabad,Houston,0,Desktop,1,0
516,7.89,4,Paris,London,0,Mobile,0,0
517,13.56,6,Sydeny,Sydeny,0,Mobile,0,0
518,3,3,Paris,Rome,0,Desktop,0,0
519,7.21,6,Islamabad,Chicago,0,Desktop,0,0
520,7.18,4,Islamabad,Chicago,0,Mobile,0,0
521,6.67,4,London,Sydeny,0,Desktop,0,0
522,8.39,2,Los Angeles,Islamabad,1,Desktop,1,0
523,5.99,2,Manchester,Chicago,0,Desktop,0,0
524,10.42,5,Manchester,New York,1,Desktop,0,0
525,5.58,4,Houston,Manchester,0,Mobile,0,0
526,3.74,5,Dubai,Mumbai,1,Mobile,1,0
527,7.4,7,Paris,Mumbai,0,Desktop,0,1
528,9.75,4,Los Angeles,AbuDhabi,0,Mobile,0,0
529,16.58,3,Manchester,AbuDhabi,1,Mobile,1,0
530,7.43,5,Dubai,Manchester,1,Desktop,0,0
531,13.02,5,Chicago,London,0,Tablet,1,1
532,3.39,5,London,Islamabad,0,Mobile,0,0
533,10.76,7,Sydeny,Mumbai,0,Desktop,0,1
534,12.31,3,Rome,Islamabad,1,Tablet,0,0
535,7.84,2,Islamabad,Islamabad,0,Mobile,1,0
536,10.8,5,Paris,Mumbai,0,Mobile,0,0
537,7.17,5,Islamabad,AbuDhabi,0,Mobile,0,0
538,6.59,6,New York,Houston,0,Mobile,1,0
539,7.54,5,London,Dubai,1,Mobile,0,0
540,10.15,7,Houston,Manchester,1,Desktop,0,0
541,2.53,4,Rome,Los Angeles,1,Mobile,1,0
542,12.31,5,Sydeny,Islamabad,1,Desktop,0,0
543,7.39,4,Los Angeles,New York,1,Mobile,1,0
545,6.35,0,Houston,London,0,Mobile,0,0
546,11.54,7,AbuDhabi,Sydeny,0,Mobile,1,0
547,8.75,6,Houston,Chicago,1,Desktop,0,0
548,15.84,2,Rome,Paris,1,Mobile,0,0
549,4.74,3,Sydeny,Rome,0,Mobile,0,0
550,7.48,7,AbuDhabi,Chicago,0,Mobile,1,1
551,6.69,4,Mumbai,New York,1,Mobile,1,1
552,12.14,5,AbuDhabi,Paris,0,Desktop,0,0
553,5.79,5,Chicago,Manchester,0,Mobile,1,0
554,3.74,2,Rome,Paris,0,Mobile,1,0
555,0.5,3,Chicago,Rome,0,Desktop,0,0
556,3.34,3,Houston,New York,0,Mobile,0,0
557,8.03,2,Chicago,Sydeny,1,Desktop,1,1
558,5.5,6,Mumbai,Rome,0,Mobile,0,0
559,11.55,7,Manchester,Rome,1,Mobile,0,1
560,3.21,1,Chicago,Islamabad,0,Desktop,0,0
561,7.46,8,Houston,Mumbai,1,Mobile,1,1
562,3.5,4,AbuDhabi,Dubai,1,Mobile,0,0
563,7.21,4,London,Houston,0,Mobile,0,0
564,5.43,6,Chicago,Sydeny,0,Mobile,0,0
565,6.2,8,AbuDhabi,Sydeny,0,Desktop,0,0
566,1.94,4,AbuDhabi,Paris,0,Desktop,0,1
567,10.39,5,Dubai,Paris,1,Desktop,0,0
568,5.53,2,Mumbai,Sydeny,0,Mobile,0,0
569,6.08,6,Mumbai,Islamabad,0,Mobile,0,0
570,5.84,5,Chicago,Houston,0,Mobile,0,0
571,6.01,6,London,Houston,1,Desktop,0,0
572,11.31,8,Dubai,Manchester,0,Mobile,1,1
573,10.81,3,New York,New York,0,Mobile,1,1
574,8.15,2,Houston,Los Angeles,0,Mobile,1,0
575,4.39,6,Los Angeles,Paris,0,Mobile,0,1
576,8,5,Rome,Islamabad,1,Mobile,0,0
577,6.17,6,Chicago,London,1,Desktop,0,0
578,0.57,3,Manchester,Mumbai,0,Mobile,0,0
579,5.5,3,Los Angeles,Los Angeles,1,Mobile,1,0
580,7.95,5,Sydeny,Houston,0,Desktop,0,0
581,5.28,3,Los Angeles,London,0,Mobile,0,0
582,6.4,3,Paris,AbuDhabi,0,Desktop,1,0
583,10.34,8,Islamabad,Los Angeles,0,Tablet,0,0
584,10.63,6,Dubai,Paris,0,Mobile,0,1
585,1.87,6,London,AbuDhabi,1,Tablet,0,1
586,8.69,0,Dubai,New York,0,Mobile,0,0
587,7.97,4,Sydeny,Los Angeles,1,Desktop,0,0
588,8.73,7,Sydeny,Paris,0,Mobile,0,0
589,5.95,2,Islamabad,Los Angeles,0,Mobile,0,0
590,8.22,7,Manchester,Mumbai,1,Mobile,1,1
591,1.14,9,Dubai,Houston,0,Mobile,0,1
592,6.45,5,Chicago,Rome,0,Tablet,1,1
593,9.69,6,Islamabad,Los Angeles,0,Mobile,0,1
594,3.64,3,New York,London,0,Mobile,1,0
595,5.93,6,Sydeny,Chicago,1,Mobile,1,0
596,5.23,8,Chicago,Manchester,0,Tablet,1,0
597,8.04,6,Rome,Manchester,1,Mobile,1,1
598,10.87,6,Houston,Chicago,1,Desktop,0,0
599,6.1,3,Islamabad,Rome,0,Desktop,0,0
600,13.46,5,Houston,Islamabad,0,Mobile,0,0
601,5.82,2,Los Angeles,Houston,0,Mobile,1,0
602,10.07,5,Paris,Los Angeles,1,Mobile,0,0
603,9.16,4,Houston,Mumbai,0,Desktop,0,0
604,3.98,5,New York,Sydeny,0,Mobile,0,0
605,4.7,5,AbuDhabi,New York,1,Mobile,0,0
606,7.67,4,Mumbai,Islamabad,0,Mobile,1,0
607,4.19,5,Islamabad,Manchester,0,Mobile,0,0
608,3.15,4,Manchester,Houston,0,Tablet,0,0
609,6.62,2,Manchester,Los Angeles,0,Tablet,0,0
610,2.9,8,New York,Islamabad,0,Desktop,0,0
611,7.03,4,Sydeny,Mumbai,0,Mobile,0,0
612,6.02,8,Houston,Houston,1,Mobile,1,1
613,9.05,5,London,Paris,1,Mobile,0,0
614,10.61,1,Sydeny,New York,0,Tablet,0,1
615,2.21,4,Los Angeles,London,1,Tablet,0,0
616,6.33,3,Paris,Houston,1,Mobile,1,0
617,9.71,7,Houston,AbuDhabi,1,Mobile,0,0
618,15.35,1,Mumbai,Chicago,1,Mobile,0,0
619,7.58,7,AbuDhabi,Rome,0,Desktop,0,0
620,8.06,4,Rome,Islamabad,1,Desktop,0,0
621,5.61,8,AbuDhabi,Los Angeles,0,Mobile,0,1
622,14.67,5,Sydeny,London,0,Mobile,0,1
623,6.28,8,Sydeny,Los Angeles,1,Mobile,0,0
624,9.03,11,Manchester,Sydeny,0,Mobile,0,0
625,10.07,7,London,New York,0,Tablet,0,1
626,3.46,6,AbuDhabi,Islamabad,0,Mobile,0,0
627,3.19,6,Manchester,Paris,1,Mobile,0,0
628,3.47,9,New York,Houston,0,Mobile,0,0
629,7.34,7,Paris,Paris,0,Desktop,0,0
630,9.63,1,Houston,AbuDhabi,0,Mobile,0,0
631,4.98,6,Dubai,Houston,0,Mobile,1,0
632,12.95,3,Los Angeles,Mumbai,1,Mobile,0,0
633,5.17,3,Dubai,Paris,1,Mobile,0,0
634,8.22,6,Los Angeles,Dubai,0,Mobile,0,0
635,6.68,2,AbuDhabi,Dubai,0,Mobile,1,0
636,4.01,4,Dubai,New York,1,Mobile,0,0
637,6.07,3,Rome,Dubai,0,Desktop,0,0
638,6.87,4,Rome,Manchester,0,Mobile,1,1
639,3,7,London,Los Angeles,1,Desktop,0,0
640,6.91,5,London,Paris,0,Mobile,0,0
641,4.16,3,London,Paris,0,Tablet,0,0
642,10.1,3,Chicago,New York,0,Mobile,0,0
643,3.8,6,London,Chicago,0,Mobile,1,1
644,3.73,3,Manchester,Islamabad,1,Mobile,1,0
645,4.33,4,Manchester,New York,0,Mobile,0,0
646,8.32,4,New York,Los Angeles,0,Mobile,0,0
647,11.17,5,New York,Mumbai,0,Mobile,0,1
648,3.53,9,Houston,Sydeny,0,Desktop,1,0
649,9.15,4,Manchester,Chicago,0,Mobile,0,0
650,9.48,7,Los Angeles,Dubai,1,Desktop,0,0
651,6.13,2,Houston,Los Angeles,0,Mobile,0,0
652,9.32,8,AbuDhabi,Los Angeles,1,Mobile,1,0
653,9.01,5,Chicago,Paris,0,Desktop,0,0
654,5.73,2,New York,New York,1,Mobile,0,1
655,1.12,3,London,Los Angeles,0,Mobile,0,0
656,7.59,8,Chicago,Los Angeles,0,Mobile,1,1
657,6.05,5,Mumbai,London,0,Desktop,1,0
658,7.73,1,London,AbuDhabi,0,Desktop,1,0
659,8.94,9,London,Manchester,1,Mobile,0,0
660,13.45,3,Islamabad,Houston,1,Desktop,0,0
661,6.37,9,Mumbai,Islamabad,0,Mobile,0,0
662,10.42,3,Paris,Sydeny,1,Mobile,0,1
663,8.16,4,Manchester,Sydeny,0,Mobile,1,0
664,5.89,2,Sydeny,Paris,0,Mobile,0,0
665,4.59,6,London,Mumbai,0,Mobile,1,0
666,3.27,3,Rome,Sydeny,0,Mobile,1,1
667,1.35,7,Houston,New York,0,Mobile,1,0
668,8.78,6,AbuDhabi,London,0,Desktop,0,1
669,9.12,1,Dubai,Mumbai,0,Desktop,0,0
670,5.16,0,London,Rome,0,Desktop,0,0
671,9.95,5,New York,Houston,1,Mobile,1,1
672,7.86,5,Paris,Islamabad,1,Tablet,1,0
673,7.35,2,Mumbai,Manchester,0,Mobile,0,1
674,5,3,Houston,Dubai,0,Desktop,1,0
675,5.35,5,Dubai,Rome,0,Desktop,0,0
676,9.72,6,Paris,Paris,0,Mobile,1,0
677,8.96,9,Islamabad,Sydeny,1,Tablet,0,0
678,6.91,4,London,Houston,0,Desktop,0,0
680,10.28,4,Mumbai,Los Angeles,0,Tablet,0,1
681,9.01,4,AbuDhabi,Rome,0,Tablet,1,0
682,3.72,3,AbuDhabi,London,0,Mobile,0,0
683,11.98,6,London,Paris,1,Mobile,1,0
684,7.45,4,AbuDhabi,Los Angeles,1,Desktop,0,0
685,13.89,3,Dubai,Dubai,0,Desktop,0,0
686,5.36,4,Paris,London,0,Desktop,1,0
687,1.41,4,New York,Mumbai,0,Mobile,1,1
689,9.75,4,Paris,AbuDhabi,0,Desktop,1,0
690,13.17,7,Chicago,New York,0,Mobile,1,0
691,7.14,8,Manchester,Chicago,1,Tablet,0,0
692,8.51,7,Dubai,Manchester,0,Desktop,1,1
693,14.41,3,Paris,Islamabad,0,Mobile,1,0
694,11.02,5,Paris,Paris,0,Mobile,1,0
695,10.24,2,Chicago,Islamabad,1,Mobile,0,0
696,6.51,5,Los Angeles,Islamabad,0,Mobile,0,0
697,5.98,3,Sydeny,Islamabad,1,Mobile,0,0
698,4.07,4,New York,Islamabad,0,Mobile,0,0
